professor,dia,periodo
Prof. Eduardo,Seg,1
Prof. Eduardo,Seg,2
Prof. Eduardo,Seg,3
Prof. Eduardo,Ter,1
Prof. Eduardo,Ter,2
Prof. Eduardo,Ter,3
Prof. Eduardo,Qua,1
Prof. Eduardo,Qua,2
Prof. Eduardo,Qua,3
Prof. Eduardo,Qui,1
Prof. Eduardo,Qui,2
Prof. Eduardo,Qui,3
Prof. Eduardo,Sex,1
Prof. Eduardo,Sex,2
Prof. Eduardo,Sex,3
Prof. Ana,Sex,4
Prof. Ana,Sex,5
Prof. Bruno,Seg,1
Prof. Bruno,Qui,5
Prof. Carla,Qua,1
Prof. Carla,Qua,2
Prof. Filipe,Ter,1
Prof. Diana,Qui,1
Prof. Gonçalo,Sex,1
Prof. Helena,Seg,5
Prof. Inês,Ter,5
Prof. João,Qua,5
Prof. Marta,Qui,1
Prof. Rui,Sex,5